Hash func,Dispersion
Ascii sum,173.36352656888974
Rotate right,93.29496633382608
Rotate left,20.58193988916399
GNU,16.29986349347349
