Hash func,Dispersion
First letter,43.41124629664117
Ascii sum,8.194075309903583
Rotate right,4.7875821161789585
Rotate left,2.24656515548822
GNU,1.7076355609957947
