Hash func,Dispersion
First letter,31.623119480604824
Ascii sum,6.138030109064434
Rotate right,3.4896661705612204
Rotate left,1.7612112419049497
GNU,1.2302750342870878
