Hash func,Dispersion
Ascii sum,13.16675839259192
Rotate right,9.658931945811922
Rotate left,4.536732291987702
GNU,4.0373089420396715
