Hash func,Dispersion
First letter,98.75127206632244
Ascii sum,13.18776757663993
Rotate right,9.6939753306587
Rotate left,4.836707261350315
GNU,5.10383010956904
